"Username","DesktopFolder","DocumentsFolder"
"ACohen","Not Found","Not Found"
"andrew.bingham","Not Found","Not Found"
"antonio.herrera","Not Found","Not Found"
"cbrooke","Not Found","Not Found"
"cvalentin","Not Found","Not Found"
"david.logan","Not Found","Not Found"
"DTC","C:\Users\DTC\Desktop","C:\Users\DTC\Documents"
"elizabeth.tremaine","Not Found","Not Found"
"gail.woods","Not Found","Not Found"
"j.boyd","Not Found","Not Found"
"jennifer.mcmanus","Not Found","Not Found"
"Jtreme.Boyd","Not Found","Not Found"
"jwatkins","Not Found","Not Found"
"Katrina.Mercer","Not Found","Not Found"
"Leeann.Moses","Not Found","Not Found"
"maxine.carter","Not Found","Not Found"
"mbeltran","Not Found","Not Found"
"mforbes-baptiste","Not Found","Not Found"
"michael.henderson","Not Found","Not Found"
"mpucheril","Not Found","Not Found"
"navaughn.fields","Not Found","Not Found"
"oheyward","Not Found","Not Found"
"rwalker","Not Found","Not Found"
"sedwards","Not Found","Not Found"
"selder","Not Found","Not Found"
"shawn.noralez","Not Found","Not Found"
"sshim","Not Found","Not Found"
"Steven.Mitchell","Not Found","Not Found"
